Package,Class,Member Name,Member ID or top-level category,SnippetIdInTheYAMLFile,MethodNameInTheSnippet
Office,FileType,,enum,word-document-get-file-as-pdf,run
Word,Alignment,,enum,word-paragraph-paragraph-properties,setup
Word,Annotation,,class,word-document-manage-annotations,acceptFirst
Word,Annotation,delete,1,word-document-manage-annotations,deleteAnnotations
Word,Annotation,critiqueAnnotation,,word-document-manage-annotations,getAnnotations
Word,Annotation,id,,word-document-manage-annotations,acceptFirst
Word,Annotation,state,,word-document-manage-annotations,rejectLast
Word,AnnotationClickedEventArgs,,interface,word-document-manage-annotations,registerEventHandlers
Word,AnnotationClickedEventArgs,,interface,word-document-manage-annotations,onClickedHandler
Word,AnnotationCollection,,class,word-document-manage-annotations,getAnnotations
Word,AnnotationHoveredEventArgs,,interface,word-document-manage-annotations,registerEventHandlers
Word,AnnotationHoveredEventArgs,,interface,word-document-manage-annotations,onHoveredHandler
Word,AnnotationInsertedEventArgs,,interface,word-document-manage-annotations,registerEventHandlers
Word,AnnotationInsertedEventArgs,,interface,word-document-manage-annotations,onInsertedHandler
Word,AnnotationPopupActionEventArgs,,interface,word-document-manage-annotations,registerEventHandlers
Word,AnnotationPopupActionEventArgs,,interface,word-document-manage-annotations,onPopupActionHandler
Word,AnnotationRemovedEventArgs,,interface,word-document-manage-annotations,registerEventHandlers
Word,AnnotationRemovedEventArgs,,interface,word-document-manage-annotations,onRemovedHandler
Word,AnnotationSet,,interface,word-document-manage-annotations,insertAnnotations
Word,AnnotationState,,enum,word-document-manage-annotations,acceptFirst
Word,Application,,class,word-document-insert-external-document,insertDocument
Word,Application,createDocument,1,word-document-insert-external-document,insertDocument
Word,Application,retrieveStylesFromBase64,1,word-document-get-external-styles,getExternalStyles
Word,Body,clear,1,word-document-manage-body,clear
Word,Body,getComments,1,word-document-manage-comments,getComments
Word,Body,getHtml,1,word-document-manage-body,getHTML
Word,Body,getOoxml,1,word-document-manage-body,getOOXML
Word,Body,getRange,1,word-lists-format-list-range,getListFormatInfo
Word,Body,getTrackedChanges,1,word-document-manage-tracked-changes,getAllTrackedChanges
Word,Body,insertBreak,1,word-document-manage-body,insertPageBreak
Word,Body,insertContentControl,1,word-document-manage-body,insertContentControl
Word,Body,insertFileFromBase64,1,word-document-manage-body,insertExternalBody
Word,Body,insertHtml,1,word-document-manage-body,insertHTML
Word,Body,insertInlinePictureFromBase64,1,word-document-manage-body,insertImageInline
Word,Body,insertOoxml,1,word-document-manage-body,insertOOXML
Word,Body,insertParagraph,1,word-paragraph-insert-formatted-text,addFormattedParagraph
Word,Body,insertTable,1,word-tables-table-cell-access,insertTable
Word,Body,insertText,1,word-document-manage-body,insertText
Word,Body,search,1,word-paragraph-search,basicSearch
Word,Body,search,1,word-paragraph-search,wildcardSearch
Word,Body,select,1,word-document-manage-body,select
Word,Body,fields,,word-document-manage-fields,getAllFields
Word,Body,font,,word-document-manage-body,getFontProperties
Word,Body,footnotes,,word-document-manage-footnotes,getFootnotesFromBody
Word,Body,inlinePictures,,word-images-insert-and-get-pictures,getImage
Word,Body,lists,,word-lists-organize-list,getListProps
Word,Body,onCommentAdded,,word-manage-comments,registerEventHandlers
Word,Body,onCommentAdded,,word-manage-comments,onEventHandler
Word,Body,onCommentChanged,,word-manage-comments,registerEventHandlers
Word,Body,onCommentChanged,,word-manage-comments,onChangedHandler
Word,Body,onCommentDeleted,,word-manage-comments,registerEventHandlers
Word,Body,onCommentDeleted,,word-manage-comments,onEventHandler
Word,Body,onCommentDeselected,,word-manage-comments,registerEventHandlers
Word,Body,onCommentDeselected,,word-manage-comments,onEventHandler
Word,Body,onCommentSelected,,word-manage-comments,registerEventHandlers
Word,Body,onCommentSelected,,word-manage-comments,onEventHandler
Word,Body,paragraphs,,word-paragraph-get-word-count,run
Word,Body,shapes,,word-shapes-manage-shapes-text-boxes,getTextBoxesInMainDoc
Word,Body,tables,,word-tables-table-cell-access,getTableCell
Word,Body,text,,word-document-manage-body,getText
Word,Body,type,,word-document-manage-footnotes,getFootnoteType
Word,BodyType,,enum,word-document-manage-footnotes,getFootnoteType
Word,Border,,class,word-document-manage-styles,setBorderProperties
Word,BorderCollection,,class,word-document-manage-styles,setBorderProperties
Word,BorderCollection,outsideBorderColor,,word-document-manage-styles,setBorderProperties
Word,BorderCollection,outsideBorderType,,word-document-manage-styles,setBorderProperties
Word,BorderCollection,outsideBorderWidth,,word-document-manage-styles,setBorderProperties
Word,BorderLocation,,enum,word-tables-manage-formatting,getTableBorder
Word,BorderType,,enum,word-tables-manage-formatting,getTableCellBorder
Word,BorderWidth,,enum,word-document-manage-styles,setBorderProperties
Word,BreakType,,enum,word-paragraph-insert-line-and-page-breaks,insertPageBreak
Word,BuiltInStyleName,,enum,word-paragraph-insert-formatted-text,addPreStyledFormattedText
Word,CalendarType,,enum,word-content-controls-insert-and-change-date-picker-content-control,changeCalendarType
Word,Canvas,,class,word-shapes-manage-canvases,insertCanvas
Word,Canvas,shapes,,word-shapes-manage-canvases,getFirstCanvas
Word,CellPaddingLocation,,enum,word-tables-manage-formatting,getTableCellPadding
Word,ChangeTrackingMode,,enum,word-document-manage-change-tracking,getChangeTrackingMode
Word,ChangeTrackingState,,enum,word-content-controls-get-change-tracking-states,logChangeTrackingStates
Word,ChangeTrackingVersion,,enum,word-document-manage-change-tracking,getReviewedText
Word,CheckboxContentControl,,class,word-content-controls-insert-and-change-checkbox-content-control,toggleCheckboxContentControls
Word,CloseBehavior,,enum,word-document-save-close,closeAfterSave
Word,Coauthor,,class,word-coauthoring-manage-coauthors,getCoauthors
Word,Coauthor,locks,,word-coauthoring-manage-coauthors,getLocksByCoauthor
Word,CoauthorCollection,,class,word-coauthoring-manage-coauthors,getCoauthors
Word,Coauthoring,,class,word-coauthoring-manage-coauthors,getCoauthoringStatus
Word,Coauthoring,conflicts,,word-coauthoring-manage-coauthoring-conflicts,getConflicts
Word,Coauthoring,locks,,word-coauthoring-manage-coauthoring-locks,addLock
Word,Coauthoring,me,,word-coauthoring-manage-coauthors,getMyInfo
Word,Coauthoring,updates,,word-coauthoring-get-coauthoring-updates,getUpdates
Word,CoauthoringLock,type,,word-coauthoring-manage-coauthoring-locks,getLocks
Word,CoauthoringLock,unlock,1,word-coauthoring-manage-coauthoring-locks,removeFirstLock
Word,CoauthoringLockCollection,,class,word-coauthoring-manage-coauthoring-locks,getLocks
Word,CoauthoringLockCollection,add,1,word-coauthoring-manage-coauthoring-locks,addLock
Word,CoauthoringUpdateCollection,,class,word-coauthoring-get-coauthoring-updates,getUpdates
Word,ComboBoxContentControl,,class,word-content-controls-insert-and-change-combo-box-content-control,insertComboBoxContentControl
Word,ComboBoxContentControl,addListItem,1,word-content-controls-insert-and-change-combo-box-content-control,addItemToComboBoxContentControl
Word,ComboBoxContentControl,deleteAllListItems,1,word-content-controls-insert-and-change-combo-box-content-control,deleteListFromComboBoxContentControl
Word,ComboBoxContentControl,listItems,,word-content-controls-insert-and-change-combo-box-content-control,deleteItemFromComboBoxContentControl
Word,Comment,,class,word-document-manage-comments,insertComment
Word,Comment,delete,1,word-document-manage-comments,deleteFirstCommentInSelection
Word,Comment,getRange,1,word-document-manage-comments,getFirstCommentRangeInSelection
Word,Comment,reply,1,word-document-manage-comments,replyToFirstActiveCommentInSelection
Word,Comment,content,,word-document-manage-comments,editFirstCommentInSelection
Word,Comment,contentRange,,word-document-manage-comments,getFirstCommentRangeInSelection
Word,Comment,replies,,word-document-manage-comments,getRepliesToFirstCommentInSelection
Word,Comment,resolved,,word-document-manage-comments,toggleResolvedStatusOfFirstCommentInSelection
Word,CommentChangeType,,enum,word-manage-comments,registerEventHandlers
Word,CommentChangeType,,enum,word-manage-comments,onChangedHandler
Word,CommentCollection,,class,word-document-manage-comments,replyToFirstActiveCommentInSelection
Word,CommentCollection,getFirstOrNullObject,1,word-document-manage-comments,getFirstCommentRangeInSelection
Word,CommentCollection,items,,word-document-manage-comments,replyToFirstActiveCommentInSelection
Word,CommentContentRange,,class,word-document-manage-comments,getFirstCommentRangeInSelection
Word,CommentDetail,,interface,word-manage-comments,registerEventHandlers
Word,CommentDetail,,interface,word-manage-comments,onEventHandler
Word,CommentEventArgs,,interface,word-manage-comments,registerEventHandlers
Word,CommentEventArgs,,interface,word-manage-comments,onChangedHandler
Word,CommentReply,,class,word-document-manage-comments,replyToFirstActiveCommentInSelection
Word,CommentReplyCollection,,class,word-document-manage-comments,getRepliesToFirstCommentInSelection
Word,CompareTarget,,enum,word-document-compare-documents,run
Word,ConflictCollection,,class,word-coauthoring-manage-coauthoring-conflicts,getConflicts
Word,ConflictCollection,acceptAll,1,word-coauthoring-manage-coauthoring-conflicts,acceptAll
Word,ConflictCollection,rejectAll,1,word-coauthoring-manage-coauthoring-conflicts,rejectAll
Word,Conflict,accept,1,word-coauthoring-manage-coauthoring-conflicts,acceptFirst
Word,Conflict,reject,1,word-coauthoring-manage-coauthoring-conflicts,rejectFirst
Word,ContentControl,delete,1,word-content-controls-content-control-ondeleted-event,deleteContentControl
Word,ContentControl,resetState,1,word-insert-and-change-content-controls,resetState
Word,ContentControl,set,1,word-content-controls-insert-and-change-content-controls,modifyContentControls
Word,ContentControl,setState,1,word-insert-and-change-content-controls,setState
Word,ContentControl,checkboxContentControl,,word-content-controls-insert-and-change-checkbox-content-control,toggleCheckboxContentControl
Word,ContentControl,comboBoxContentControl,,word-content-controls-insert-and-change-combo-box-content-control,addItemToComboBoxContentControl
Word,ContentControl,datePickerContentControl,,word-content-controls-insert-and-change-date-picker-content-control,getDatePickerProperties
Word,ContentControl,dropDownListContentControl,,word-content-controls-insert-and-change-dropdown-list-content-control,addItemToDropdownListContentControl
Word,ContentControl,onDataChanged,,word-content-controls-content-control-ondatachanged-event,registerEventHandlers
Word,ContentControl,onDataChanged,,word-content-controls-content-control-ondatachanged-event,contentControlDataChanged
Word,ContentControl,onDeleted,,word-content-controls-content-control-ondeleted-event,registerEventHandlers
Word,ContentControl,onDeleted,,word-content-controls-content-control-ondeleted-event,contentControlDeleted
Word,ContentControl,onEntered,,word-content-controls-content-control-onentered-event,registerEventHandlers
Word,ContentControl,onEntered,,word-content-controls-content-control-onentered-event,contentControlEntered
Word,ContentControl,onExited,,word-content-controls-content-control-onexited-event,registerEventHandlers
Word,ContentControl,onExited,,word-content-controls-content-control-onexited-event,contentControlExited
Word,ContentControl,onSelectionChanged,,word-content-controls-content-control-onselectionchanged-event,registerEventHandlers
Word,ContentControl,onSelectionChanged,,word-content-controls-content-control-onselectionchanged-event,contentControlSelectionChanged
Word,ContentControl,tag,,word-content-controls-insert-and-change-content-controls,insertContentControls
Word,ContentControlAddedEventArgs,,interface,word-content-controls-content-control-onadded-event,registerEventHandler
Word,ContentControlAddedEventArgs,,interface,word-content-controls-content-control-onadded-event,contentControlAdded
Word,ContentControlAppearance,,enum,word-content-controls-insert-and-change-content-controls,modifyContentControls
Word,ContentControlCollection,,class,word-scenarios-doc-assembly,changeCustomer
Word,ContentControlCollection,getByTag,1,word-scenarios-doc-assembly,changeCustomer
Word,ContentControlCollection,getFirstOrNullObject,1,word-content-controls-insert-and-change-checkbox-content-control,toggleCheckboxContentControl
Word,ContentControlDataChangedEventArgs,,interface,word-content-controls-content-control-ondatachanged-event,registerEventHandlers
Word,ContentControlDataChangedEventArgs,,interface,word-content-controls-content-control-ondatachanged-event,contentControlDataChanged
Word,ContentControlDateStorageFormat,,enum,word-content-controls-insert-and-change-date-picker-content-control,changeStorageFormat
Word,ContentControlDeletedEventArgs,,interface,word-content-controls-content-control-ondeleted-event,registerEventHandlers
Word,ContentControlDeletedEventArgs,,interface,word-content-controls-content-control-ondeleted-event,contentControlDeleted
Word,ContentControlEnteredEventArgs,,interface,word-content-controls-content-control-onentered-event,registerEventHandlers
Word,ContentControlEnteredEventArgs,,interface,word-content-controls-content-control-onentered-event,contentControlEntered
Word,ContentControlExitedEventArgs,,interface,word-content-controls-content-control-onexited-event,registerEventHandlers
Word,ContentControlExitedEventArgs,,interface,word-content-controls-content-control-onexited-event,contentControlExited
Word,ContentControlListItem,,class,word-content-controls-insert-and-change-dropdown-list-content-control,deleteItemFromDropdownListContentControl
Word,ContentControlListItem,delete,1,word-content-controls-insert-and-change-combo-box-content-control,deleteItemFromComboBoxContentControl
Word,ContentControlListItem,displayText,,word-content-controls-insert-and-change-dropdown-list-content-control,deleteItemFromDropdownListContentControl
Word,ContentControlListItemCollection,,class,word-content-controls-insert-and-change-combo-box-content-control,getListFromComboBoxContentControl
Word,ContentControlOptions,,interface,word-content-controls-insert-and-change-checkbox-content-control,toggleCheckboxContentControl
Word,ContentControlSelectionChangedEventArgs,,interface,word-content-controls-content-control-onselectionchanged-event,registerEventHandlers
Word,ContentControlSelectionChangedEventArgs,,interface,word-content-controls-content-control-onselectionchanged-event,contentControlSelectionChanged
Word,ContentControlState,,enum,word-insert-and-change-content-controls,setState
Word,ContentControlType,,enum,word-content-controls-insert-and-change-checkbox-content-control,insertCheckboxContentControls
Word,Critique,,interface,word-document-manage-annotations,insertAnnotations
Word,CritiqueAnnotation,,class,word-document-manage-annotations,getAnnotations
Word,CritiqueAnnotation,accept,1,word-document-manage-annotations,acceptFirst
Word,CritiqueAnnotation,reject,1,word-document-manage-annotations,rejectLast
Word,CritiqueAnnotation,critique,,word-document-manage-annotations,getAnnotations
Word,CritiqueColorScheme,,enum,word-document-manage-annotations,insertAnnotations
Word,CritiquePopupOptions,,interface,word-document-manage-annotations,insertAnnotations
Word,CustomProperty,,class,word-properties-read-write-custom-document-properties,readCustomDocumentProperties
Word,CustomPropertyCollection,,class,word-properties-read-write-custom-document-properties,readCustomDocumentProperties
Word,CustomPropertyCollection,add,1,word-properties-read-write-custom-document-properties,insertNumericProperty
Word,CustomPropertyCollection,add,1,word-properties-read-write-custom-document-properties,insertStringProperty
Word,CustomPropertyCollection,items,,word-properties-read-write-custom-document-properties,readCustomDocumentProperties
Word,CustomXmlPart,,class,word-document-manage-custom-xml-part,addCustomXmlPart
Word,CustomXmlPart,delete,1,word-document-manage-custom-xml-part,deleteCustomXmlPart
Word,CustomXmlPart,delete,1,word-document-manage-custom-xml-part-ns,deleteCustomXmlPart
Word,CustomXmlPart,getXml,1,word-document-manage-custom-xml-part-ns,addCustomXmlPart
Word,CustomXmlPart,getXml,1,word-document-manage-custom-xml-part,addCustomXmlPart
Word,CustomXmlPart,insertAttribute,1,word-document-manage-custom-xml-part-ns,insertAttribute
Word,CustomXmlPart,insertAttribute,1,word-document-manage-custom-xml-part,insertAttribute
Word,CustomXmlPart,insertElement,1,word-document-manage-custom-xml-part-ns,insertElement
Word,CustomXmlPart,insertElement,1,word-document-manage-custom-xml-part,insertElement
Word,CustomXmlPart,query,1,word-document-manage-custom-xml-part-ns,query
Word,CustomXmlPart,query,1,word-document-manage-custom-xml-part,query
Word,CustomXmlPart,setXml,1,word-document-manage-custom-xml-part-ns,replace
Word,CustomXmlPart,id,,word-document-manage-custom-xml-part,addCustomXmlPart
Word,CustomXmlPart,namespaceUri,,word-document-manage-custom-xml-part-ns,getNamespace
Word,CustomXmlPartCollection,add,1,word-document-manage-custom-xml-part-ns,addCustomXmlPart
Word,CustomXmlPartCollection,add,1,word-document-manage-custom-xml-part,addCustomXmlPart
Word,CustomXmlPartCollection,getByNamespace,1,word-document-manage-custom-xml-part-ns,getByNamespaceUri
Word,CustomXmlPartCollection,getItem,1,word-document-manage-custom-xml-part-ns,query
Word,CustomXmlPartCollection,getItem,1,word-document-manage-custom-xml-part,query
Word,CustomXmlPartScopedCollection,,class,word-document-manage-custom-xml-part-ns,getByNamespaceUri
Word,DatePickerContentControl,,class,word-content-controls-insert-and-change-date-picker-content-control,getDatePickerProperties
Word,DatePickerContentControl,dateCalendarType,,word-content-controls-insert-and-change-date-picker-content-control,changeCalendarType
Word,DatePickerContentControl,dateDisplayFormat,,word-content-controls-insert-and-change-date-picker-content-control,changeDisplayFormat
Word,DatePickerContentControl,dateDisplayLocale,,word-content-controls-insert-and-change-date-picker-content-control,changeCalendarLanguage
Word,DatePickerContentControl,dateStorageFormat,,word-content-controls-insert-and-change-date-picker-content-control,changeStorageFormat
Word,Document,,class,word-document-manage-change-tracking,getChangeTrackingMode
Word,Document,addStyle,1,word-document-manage-styles,addStyle
Word,Document,close,1,word-document-save-close,close
Word,Document,compare,1,word-document-compare-documents,run
Word,Document,exportAsFixedFormat,1,word-export,exportAsPdf
Word,Document,getContentControls,1,word-content-controls-insert-and-change-checkbox-content-control,toggleCheckboxContentControls
Word,Document,getParagraphByUniqueLocalId,1,word-paragraph-onadded-event,getParagraphById
Word,Document,getStyles,1,word-document-manage-styles,getCount
Word,Document,importStylesFromJson,1,word-tables-manage-custom-style,importStylesFromJson
Word,Document,insertFileFromBase64,1,word-document-insert-external-document,insertDocumentWithSettings
Word,Document,save,1,word-document-save-close,save
Word,Document,activeWindow,,word-ranges-get-pages,getAllPages
Word,Document,changeTrackingMode,,word-document-manage-change-tracking,getChangeTrackingMode
Word,Document,coauthoring,,word-coauthoring-manage-coauthors,getCoauthoringStatus
Word,Document,onAnnotationClicked,,word-document-manage-annotations,registerEventHandlers
Word,Document,onAnnotationClicked,,word-document-manage-annotations,onClickedHandler
Word,Document,onAnnotationHovered,,word-document-manage-annotations,registerEventHandlers
Word,Document,onAnnotationHovered,,word-document-manage-annotations,onHoveredHandler
Word,Document,onAnnotationInserted,,word-document-manage-annotations,registerEventHandlers
Word,Document,onAnnotationInserted,,word-document-manage-annotations,onInsertedHandler
Word,Document,onAnnotationPopupAction,,word-document-manage-annotations,registerEventHandlers
Word,Document,onAnnotationPopupAction,,word-document-manage-annotations,onPopupActionHandler
Word,Document,onAnnotationRemoved,,word-document-manage-annotations,registerEventHandlers
Word,Document,onAnnotationRemoved,,word-document-manage-annotations,onRemovedHandler
Word,Document,onContentControlAdded,,word-content-controls-content-control-onadded-event,registerEventHandler
Word,Document,onContentControlAdded,,word-content-controls-content-control-onadded-event,contentControlAdded
Word,Document,onParagraphAdded,,word-paragraph-onadded-event,registerEventHandler
Word,Document,onParagraphAdded,,word-paragraph-onadded-event,paragraphAdded
Word,Document,onParagraphChanged,,word-paragraph-onchanged-event,registerEventHandler
Word,Document,onParagraphChanged,,word-paragraph-onchanged-event,paragraphChanged
Word,Document,onParagraphDeleted,,word-paragraph-ondeleted-event,registerEventHandler
Word,Document,onParagraphDeleted,,word-paragraph-ondeleted-event,paragraphDeleted
Word,Document,properties,,word-properties-get-built-in-properties,getProperties
Word,Document,selection,,word-selection-insert-formula,insertFormulaAuto
Word,Document,settings,,word-document-manage-settings,getAllSettings
Word,Document,windows,,word-ranges-get-pages,getAllWindows
Word,DocumentCompareOptions,,interface,word-document-compare-documents,run
Word,DocumentCreated,,class,word-document-insert-external-document,insertDocument
Word,DocumentExportAsFixedFormatOptions,,interface,word-export,exportAsPdf
Word,DocumentProperties,,class,word-properties-get-built-in-properties,getProperties
Word,DocumentPropertyType,,enum,word-properties-read-write-custom-document-properties,readCustomDocumentProperties
Word,DropDownListContentControl,,class,word-content-controls-insert-and-change-dropdown-list-content-control,insertDropdownListContentControl
Word,DropDownListContentControl,addListItem,1,word-content-controls-insert-and-change-dropdown-list-content-control,addItemToDropdownListContentControl
Word,DropDownListContentControl,deleteAllListItems,1,word-content-controls-insert-and-change-dropdown-list-content-control,deleteListFromDropdownListContentControl
Word,DropDownListContentControl,listItems,,word-content-controls-insert-and-change-dropdown-list-content-control,deleteItemFromDropdownListContentControl
Word,ErrorCodes,,enum,word-content-controls-insert-and-change-checkbox-content-control,tryCatch
Word,EventSource,,enum,word-manage-comments,registerEventHandlers
Word,EventSource,,enum,word-manage-comments,onEventHandler
Word,EventType,,enum,word-content-controls-content-control-ondeleted-event,contentControlDeleted
Word,ExportFormat,,enum,word-export,exportAsPdf
Word,ExportItem,,enum,word-export,exportAsPdf
Word,ExportOptimizeFor,,enum,word-export,exportAsPdf
Word,Field,,class,word-document-manage-fields,getFirstField
Word,Field,delete,1,word-document-manage-fields,deleteFirstField
Word,Field,select,1,word-document-manage-fields,getSelectedFieldAndUpdate
Word,Field,updateResult,1,word-document-manage-fields,getSelectedFieldAndUpdate
Word,Field,code,,word-document-manage-fields,getFirstField
Word,Field,kind,,word-document-manage-fields,getFirstField
Word,Field,locked,,word-document-manage-fields,getFieldAndLockOrUnlock
Word,Field,parentBody,,word-document-manage-fields,getParentBodyOfFirstField
Word,Field,result,,word-document-manage-fields,getFirstField
Word,Field,type,,word-document-manage-fields,getFirstField
Word,FieldCollection,,class,word-document-manage-fields,getAllFields
Word,FieldCollection,getFirstOrNullObject,1,word-document-manage-fields,getFirstField
Word,FieldCollection,items,,word-document-manage-fields,getAllFields
Word,FieldKind,,enum,word-document-manage-fields,getFirstField
Word,FieldType,,enum,word-document-manage-fields,rangeInsertDateField
Word,FontBias,,enum,word-selection-insert-symbol,insertWingdings
Word,GeometricShapeType,,enum,word-shapes-manage-geometric-shapes,insertGeometricShape_Heptagon
Word,GetTextOptions,,interface,word-paragraph-get-text,run
Word,HeaderFooterType,,enum,word-paragraph-insert-header-and-footer,addHeader
Word,ImageFormat,,enum,word-images-insert-and-get-pictures,getImage
Word,ImportedStylesConflictBehavior,,enum,word-tables-manage-custom-style,importStylesFromJson
Word,InlinePicture,getBase64ImageSrc,1,word-images-insert-and-get-pictures,getImage
Word,InlinePicture,,class,word-images-insert-and-get-pictures,insertImage
Word,InlinePicture,imageFormat,,word-images-insert-and-get-pictures,getImage
Word,InlinePictureCollection,,class,word-images-insert-and-get-pictures,getImage
Word,InsertFileOptions,,interface,word-document-insert-external-document,insertDocumentWithSettings
Word,InsertLocation,,enum,word-document-insert-section-breaks,addContinuous
Word,InsertShapeOptions,,interface,word-shapes-manage-shapes-text-boxes,insertTextBoxIntoCurrentSelection
Word,LanguageId,,enum,word-content-controls-insert-and-change-date-picker-content-control,changeCalendarLanguage
Word,List,,class,word-lists-insert-list,insertList
Word,List,insertParagraph,1,word-lists-insert-list,insertList
Word,List,setLevelBullet,1,word-lists-organize-list,insertOrganizeList
Word,List,setLevelNumbering,1,word-lists-organize-list,insertOrganizeList
Word,List,levelExistences,,word-lists-organize-list,getListProps
Word,List,levelTypes,,word-lists-organize-list,getListProps
Word,ListBuiltInNumberStyle,,enum,word-lists-manage-styles,getProperties
Word,ListBullet,,enum,word-lists-organize-list,insertOrganizeList
Word,ListCollection,,class,word-lists-organize-list,getListProps
Word,ListFormat,,class,word-lists-format-list-range,getListFormatInfo
Word,ListFormat,countNumberedItems,1,word-lists-format-list-range,countAllNumbers
Word,ListFormatCountNumberedItemsOptions,,interface,word-lists-format-list-range,countLevel2Items
Word,ListItem,,class,word-lists-insert-list,insertList
Word,ListItem,level,,word-lists-insert-list,insertList
Word,ListLevel,,class,word-lists-manage-styles,getProperties
Word,ListLevelCollection,,class,word-lists-manage-styles,getProperties
Word,ListLevelType,,enum,word-lists-organize-list,getListProps
Word,ListNumbering,,enum,word-lists-organize-list,insertOrganizeList
Word,ListTemplate,,class,word-lists-manage-styles,getProperties
Word,LocationRelation,,enum,word-ranges-compare-location,compareLocations
Word,NoteItem,,class,word-document-manage-footnotes,getFootnoteBody
Word,NoteItem,delete,1,word-document-manage-footnotes,deleteFootnote
Word,NoteItem,getNext,1,word-document-manage-footnotes,getNextFootnote
Word,NoteItem,body,,word-document-manage-footnotes,getFootnoteBody
Word,NoteItem,reference,,word-document-manage-footnotes,getReference
Word,NoteItem,type,,word-document-manage-footnotes,getFootnoteType
Word,NoteItemCollection,,class,word-document-manage-footnotes,getFirstFootnote
Word,NoteItemCollection,getFirst,1,word-document-manage-footnotes,getFirstFootnote
Word,NoteItemType,,enum,word-document-manage-footnotes,getFootnoteType
Word,NumberType,,enum,word-lists-format-list-range,countLevel1Items
Word,OperationUnit,,enum,word-selection-get-previous-next-range,getNextWord
Word,OutlineLevel,,enum,word-tables-manage-custom-style,importStylesFromJson
Word,Page,,class,word-ranges-get-pages,getPagesOfSelectedRange
Word,Page,getRange,1,word-ranges-get-pages,getPagesOfSelectedRange
Word,Page,index,,word-ranges-get-pages,getPagesOfThirdParagraph
Word,PageCollection,,class,word-ranges-get-pages,getPagesOfSelectedRange
Word,Pane,,class,word-ranges-get-pages,getAllPages
Word,Pane,pages,,word-ranges-get-pages,getAllPages
Word,Pane,pagesEnclosingViewport,,word-ranges-get-pages,getPagesEnclosingViewport
Word,PaneCollection,,class,word-ranges-get-pages,getAllPanes
Word,Paragraph,,class,word-paragraph-get-paragraph-on-insertion-point,getParagraph
Word,Paragraph,getRange,1,word-paragraph-get-paragraph-on-insertion-point,getSentences
Word,Paragraph,insertAnnotations,1,word-document-manage-annotations,insertAnnotations
Word,Paragraph,insertBreak,1,word-paragraph-insert-line-and-page-breaks,insertLineBreak
Word,Paragraph,insertContentControl,1,word-content-controls-insert-and-change-content-controls,insertContentControls
Word,Paragraph,insertGeometricShape,1,word-shapes-group-ungroup,setup
Word,Paragraph,insertText,1,word-paragraph-insert-in-different-locations,replace
Word,Paragraph,insertTextBox,1,word-shapes-manage-shapes-text-boxes,insertTextBoxInHeaderAtFirstParagraph
Word,Paragraph,select,1,word-ranges-scroll-to-range,scroll
Word,Paragraph,select,1,word-ranges-scroll-to-range,scrollEnd
Word,Paragraph,set,1,word-scenarios-multiple-property-set,setMultiplePropertiesWithObject
Word,Paragraph,set,1,word-scenarios-multiple-property-set,copyPropertiesFromParagraph
Word,Paragraph,split,1,word-ranges-split-words-of-first-paragraph,highlightWords
Word,Paragraph,startNewList,1,word-lists-insert-list,insertList
Word,Paragraph,alignment,,word-paragraph-paragraph-properties,align
Word,Paragraph,leftIndent,,word-paragraph-paragraph-properties,indent
Word,Paragraph,lineSpacing,,word-paragraph-paragraph-properties,spacing
Word,Paragraph,lineUnitAfter,,word-paragraph-paragraph-properties,spaceAfterInLines
Word,Paragraph,lineUnitBefore,,word-paragraph-paragraph-properties,spaceBeforeInLines
Word,Paragraph,spaceAfter,,word-paragraph-paragraph-properties,spaceAfter
Word,Paragraph,style,,word-document-manage-styles,applyStyle
Word,Paragraph,styleBuiltIn,,word-scenarios-doc-assembly,addParagraphs
Word,Paragraph,text,,word-paragraph-get-paragraph-on-insertion-point,getParagraph
Word,Paragraph,uniqueLocalId,,word-document-manage-annotations,registerEventHandlers
Word,Paragraph,uniqueLocalId,,word-document-manage-annotations,paragraphChanged
Word,ParagraphAddedEventArgs,,interface,word-paragraph-onadded-event,registerEventHandler
Word,ParagraphAddedEventArgs,,interface,word-paragraph-onadded-event,paragraphAdded
Word,ParagraphChangedEventArgs,,interface,word-paragraph-onchanged-event,registerEventHandler
Word,ParagraphChangedEventArgs,,interface,word-paragraph-onchanged-event,paragraphChanged
Word,ParagraphCollection,,class,word-images-insert-and-get-pictures,insertImage
Word,ParagraphCollection,getFirst,1,word-document-manage-annotations,getAnnotations
Word,ParagraphCollection,getLast,1,word-images-insert-and-get-pictures,insertImage
Word,ParagraphCollection,items,,word-lists-insert-list,insertList
Word,ParagraphDeletedEventArgs,,interface,word-paragraph-ondeleted-event,registerEventHandler
Word,ParagraphDeletedEventArgs,,interface,word-paragraph-ondeleted-event,paragraphDeleted
Word,ParagraphFormat,,class,word-document-manage-styles,setParagraphFormat
Word,ParagraphFormat,alignment,,word-document-manage-styles,setParagraphFormat
Word,ParagraphFormat,leftIndent,,word-document-manage-styles,setParagraphFormat
Word,Range,,class,word-document-manage-comments,getFirstCommentRangeInSelection
Word,Range,compareLocationWith,1,word-ranges-compare-location,compareLocations
Word,Range,expandTo,1,word-paragraph-get-paragraph-on-insertion-point,getSentences
Word,Range,getComments,1,word-document-manage-comments,getCommentsInSelection
Word,Range,getContentControls,1,word-content-controls-insert-and-change-checkbox-content-control,deleteCheckboxContentControl
Word,Range,getRange,1,word-content-controls-insert-and-change-dropdown-list-content-control,insertDropdownListContentControl
Word,Range,getReviewedText,1,word-document-manage-change-tracking,getReviewedText
Word,Range,getTextRanges,1,word-paragraph-get-paragraph-on-insertion-point,getSentences
Word,Range,insertComment,1,word-document-manage-comments,insertComment
Word,Range,insertContentControl,1,word-scenarios-doc-assembly,addContentControls
Word,Range,insertField,1,word-document-manage-fields,rangeInsertDateField
Word,Range,insertFootnote,1,word-document-manage-footnotes,insertFootnote
Word,Range,insertInlinePictureFromBase64,1,word-shapes-manage-shapes-text-boxes,insertPictureAtStartOfTextBox
Word,Range,insertInlinePictureFromBase64,1,word-shapes-manage-shapes-text-boxes,getPictureBase64
Word,Range,insertGeometricShape,1,word-shapes-manage-geometric-shapes,insertGeometricShape_Moon
Word,Range,insertTextBox,1,word-shapes-manage-shapes-text-boxes,insertTextBoxIntoCurrentSelection
Word,Range,footnotes,,word-document-manage-footnotes,getFootnotesFromRange
Word,Range,listFormat,,word-lists-format-list-range,getListFormatInfo
Word,Range,parentContentControl,,word-content-controls-insert-and-change-checkbox-content-control,toggleCheckboxContentControl
Word,Range,styleBuiltIn,,word-scenarios-doc-assembly,insertHeader
Word,RangeCollection,,class,word-paragraph-search,basicSearch
Word,RangeLocation,,enum,word-paragraph-get-paragraph-on-insertion-point,getSentences
Word,RelativeHorizontalPosition,,enum,word-shapes-group-ungroup,changeGroupPosition
Word,RelativeSize,,enum,word-shapes-group-ungroup,changeGroupSize
Word,RelativeVerticalPosition,,enum,word-shapes-group-ungroup,changeGroupPosition
Word,SaveBehavior,,enum,word-document-save-close,saveAfterPrompt
Word,SaveConfiguration,,enum,word-close-document-window,closeWithSavePrompt
Word,Section,getFooter,2,word-paragraph-insert-header-and-footer,addFooter
Word,Section,getHeader,1,word-paragraph-insert-header-and-footer,addHeader
Word,Section,,class,word-document-insert-section-breaks,addNext
Word,SectionCollection,,class,word-document-insert-section-breaks,addEven
Word,Selection,,class,word-selection-insert-formula,insertFormulaAuto
Word,Selection,getNextRange,1,word-selection-get-previous-next-range,getNextParagraph
Word,Selection,getPreviousRange,1,word-selection-get-previous-next-range,getPreviousSentence
Word,Selection,insertFormula,1,word-selection-insert-formula,insertFormulaCustom
Word,Selection,insertSymbol,1,word-selection-insert-symbol,insertCopyright
Word,SelectionInsertFormulaOptions,,interface,word-selection-insert-formula,insertFormulaWithOptions
Word,SelectionInsertSymbolOptions,,interface,word-selection-insert-symbol,insertWingdings
Word,SelectionMode,,enum,word-ranges-scroll-to-range,scrollEnd
Word,SelectionNextOptions,,interface,word-selection-get-previous-next-range,getNextWord
Word,SelectionPreviousOptions,,interface,word-selection-get-previous-next-range,getPreviousWord
Word,Setting,,class,word-document-manage-settings,addEditSetting
Word,Setting,key,,word-document-manage-settings,addEditSetting
Word,Setting,value,,word-document-manage-settings,addEditSetting
Word,SettingCollection,,class,word-document-manage-settings,deleteAllSettings
Word,SettingCollection,add,1,word-document-manage-settings,addEditSetting
Word,SettingCollection,items,,word-document-manage-settings,getAllSettings
Word,Shading,,class,word-document-manage-styles,setShadingProperties
Word,ShadingTextureType,,enum,word-document-manage-styles,setShadingProperties
Word,Shape,,class,word-shapes-manage-shapes-text-boxes,setTextBoxProperties
Word,Shape,delete,1,word-shapes-manage-shapes-text-boxes,deleteFirstTextBox
Word,Shape,moveHorizontally,1,word-shapes-group-ungroup,moveGroup
Word,Shape,moveVertically,1,word-shapes-group-ungroup,moveGroup
Word,Shape,scaleHeight,1,word-shapes-group-ungroup,scaleGroup
Word,Shape,scaleWidth,1,word-shapes-group-ungroup,scaleGroup
Word,Shape,select,1,word-shapes-group-ungroup,groupShapes
Word,Shape,body,,word-shapes-manage-shapes-text-boxes,insertContentControlIntoTextBox
Word,Shape,canvas,,word-shapes-manage-canvases,insertCanvas
Word,Shape,fill,,word-shapes-manage-geometric-shapes,getFirstMoonColorFill
Word,Shape,geometricShapeType,,word-shapes-manage-geometric-shapes,getFirstGeometricShape
Word,Shape,heightRelative,,word-shapes-group-ungroup,changeGroupSize
Word,Shape,relativeHorizontalPosition,,word-shapes-group-ungroup,changeGroupPosition
Word,Shape,relativeHorizontalSize,,word-shapes-group-ungroup,changeGroupSize
Word,Shape,relativeVerticalPosition,,word-shapes-group-ungroup,changeGroupPosition
Word,Shape,relativeVerticalSize,,word-shapes-group-ungroup,changeGroupSize
Word,Shape,shapeGroup,,word-shapes-group-ungroup,groupShapes
Word,Shape,textFrame,,word-shapes-manage-shapes-text-boxes,getTextFrameOfTextBoxInMainDoc
Word,Shape,textWrap,,word-shapes-manage-shapes-text-boxes,getTextWrapOfTextBoxInMainDoc
Word,Shape,type,,word-shapes-manage-shapes-text-boxes,getTextBoxesInMainDoc
Word,ShapeAutoSize,,enum,word-shapes-manage-shapes-text-boxes,setTextFramePropertiesOfTextBoxInMainDoc
Word,ShapeCollection,,class,word-shapes-manage-shapes-text-boxes,getTextBoxesInMainDoc
Word,ShapeCollection,getByGeometricTypes,1,word-shapes-manage-geometric-shapes,getMoonGeometricShapes
Word,ShapeCollection,getByTypes,1,word-shapes-manage-shapes-text-boxes,setTextBoxProperties
Word,ShapeCollection,getFirst,1,word-shapes-manage-shapes-text-boxes,insertContentControlIntoTextBox
Word,ShapeCollection,getFirstOrNullObject,1,word-shapes-manage-shapes-text-boxes,getTextFromTextBoxInMainDoc
Word,ShapeCollection,group,1,word-shapes-group-ungroup,groupShapes
Word,ShapeFill,,class,word-shapes-manage-geometric-shapes,getFirstMoonColorFill
Word,ShapeFill,clear,1,word-shapes-manage-geometric-shapes,setFirstMoonColorFill
Word,ShapeFill,setSolidColor,1,word-shapes-manage-geometric-shapes,setFirstMoonColorFill
Word,ShapeFillType,,enum,word-shapes-manage-geometric-shapes,getFirstMoonColorFill
Word,ShapeGroup,,class,word-shapes-group-ungroup,groupShapes
Word,ShapeGroup,ungroup,1,word-shapes-group-ungroup,ungroupShapes
Word,ShapeGroup,shapes,,word-shapes-group-ungroup,moveGroup
Word,ShapeScaleFrom,,enum,word-shapes-group-ungroup,scaleGroup
Word,ShapeScaleType,,enum,word-shapes-group-ungroup,scaleGroup
Word,ShapeTextOrientation,,enum,word-shapes-manage-shapes-text-boxes,setTextFramePropertiesOfTextBoxInMainDoc
Word,ShapeTextVerticalAlignment,,enum,word-shapes-manage-shapes-text-boxes,setTextFramePropertiesOfTextBoxInMainDoc
Word,ShapeTextWrap,,class,word-shapes-manage-shapes-text-boxes,getTextWrapOfTextBoxInMainDoc
Word,ShapeTextWrap,side,,word-shapes-manage-shapes-text-boxes,setTextWrapPropertiesOfTextBoxInMainDoc
Word,ShapeTextWrap,type,,word-shapes-manage-shapes-text-boxes,setTextWrapPropertiesOfTextBoxInMainDoc
Word,ShapeTextWrapSide,,enum,word-shapes-manage-shapes-text-boxes,setTextWrapPropertiesOfTextBoxInMainDoc
Word,ShapeTextWrapType,,enum,word-shapes-manage-shapes-text-boxes,setTextWrapPropertiesOfTextBoxInMainDoc
Word,ShapeType,,enum,word-shapes-manage-shapes-text-boxes,getTextBoxesInMainDoc
Word,Style,,class,word-document-manage-styles,applyStyle
Word,Style,delete,1,word-document-manage-styles,deleteStyle
Word,Style,borders,,word-document-manage-styles,setBorderProperties
Word,Style,font,,word-document-manage-styles,setFontProperties
Word,Style,listTemplate,,word-lists-manage-styles,getProperties
Word,Style,nameLocal,,word-document-manage-styles,applyStyle
Word,Style,paragraphFormat,,word-document-manage-styles,setParagraphFormat
Word,Style,shading,,word-document-manage-styles,setShadingProperties
Word,StyleCollection,,class,word-document-manage-styles,getCount
Word,StyleCollection,getByNameOrNullObject,1,word-document-manage-styles,addStyle
Word,StyleCollection,getCount,1,word-document-manage-styles,getCount
Word,StyleType,,enum,word-document-manage-styles,applyStyle
Word,Table,getBorder,1,word-tables-manage-formatting,getTableBorder
Word,Table,getCell,1,word-tables-table-cell-access,getTableCell
Word,Table,getCellPadding,1,word-tables-manage-formatting,getTableCellPadding
Word,Table,alignment,,word-tables-manage-formatting,getTableAlignment
Word,Table,horizontalAlignment,,word-tables-manage-formatting,getTableAlignment
Word,Table,rows,,word-tables-manage-formatting,getTableRowAlignment
Word,Table,verticalAlignment,,word-tables-manage-formatting,getTableAlignment
Word,Table,,class,word-tables-table-cell-access,insertTable
Word,TableBorder,,class,word-tables-manage-formatting,getTableBorder
Word,TableBorder,color,,word-tables-manage-formatting,getTableBorder
Word,TableBorder,type,,word-tables-manage-formatting,getTableBorder
Word,TableBorder,width,,word-tables-manage-formatting,getTableBorder
Word,TableCell,,class,word-tables-manage-formatting,getTableCellAlignment
Word,TableCell,getBorder,2,word-tables-manage-formatting,getTableCellBorder
Word,TableCell,getCellPadding,2,word-tables-manage-formatting,getTableCellCellPadding
Word,TableCell,horizontalAlignment,,word-tables-manage-formatting,getTableCellAlignment
Word,TableCell,verticalAlignment,,word-tables-manage-formatting,getTableCellAlignment
Word,TableCellCollection,,class,word-tables-manage-formatting,getTableCellAlignment
Word,TableCollection,,class,word-tables-manage-formatting,getTableAlignment
Word,TableCollection,getFirst,1,word-tables-table-cell-access,getTableCell
Word,TableRow,,class,word-tables-manage-formatting,getTableCellAlignment
Word,TableRow,getBorder,1,word-tables-manage-formatting,getTableRowBorder
Word,TableRow,getCellPadding,1,word-tables-manage-formatting,getTableRowCellPadding
Word,TableRow,cells,,word-tables-manage-formatting,getTableCellAlignment
Word,TableRowCollection,,class,word-tables-manage-formatting,getTableRowAlignment
Word,TableRowCollection,getFirst,1,word-tables-manage-formatting,getTableRowBorder
Word,TableStyle,,class,word-tables-manage-custom-style,getTableStyle
Word,TextFrame,,class,word-shapes-manage-shapes-text-boxes,getTextFrameOfTextBoxInMainDoc
Word,TextFrame,autoSizeSetting,,word-shapes-manage-shapes-text-boxes,setTextFramePropertiesOfTextBoxInMainDoc
Word,TextFrame,orientation,,word-shapes-manage-shapes-text-boxes,setTextFramePropertiesOfTextBoxInMainDoc
Word,TextFrame,verticalAlignment,,word-shapes-manage-shapes-text-boxes,setTextFramePropertiesOfTextBoxInMainDoc
Word,TrackedChange,,class,word-document-manage-tracked-changes,getNextTrackedChange
Word,TrackedChange,accept,1,word-document-manage-tracked-changes,acceptFirstTrackedChange
Word,TrackedChange,getNext,1,word-document-manage-tracked-changes,getNextTrackedChange
Word,TrackedChange,getRange,1,word-document-manage-tracked-changes,getFirstTrackedChangeRange
Word,TrackedChange,reject,1,word-document-manage-tracked-changes,rejectFirstTrackedChange
Word,TrackedChangeCollection,,class,word-document-manage-tracked-changes,getFirstTrackedChangeRange
Word,TrackedChangeCollection,acceptAll,1,word-document-manage-tracked-changes,acceptAllTrackedChanges
Word,TrackedChangeCollection,getFirst,1,word-document-manage-tracked-changes,getFirstTrackedChangeRange
Word,TrackedChangeCollection,rejectAll,1,word-document-manage-tracked-changes,rejectAllTrackedChanges
Word,TrackedChangeType,,enum,word-document-manage-tracked-changes,getNextTrackedChange
Word,TrailingCharacter,,enum,word-lists-manage-styles,getProperties
Word,VerticalAlignment,,enum,word-tables-manage-formatting,getTableRowAlignment
Word,Window,,class,word-ranges-get-pages,getAllPages
Word,Window,close,1,word-close-document-window,closeWithSavePrompt
Word,Window,activePane,,word-ranges-get-pages,getPagesEnclosingViewport
Word,Window,panes,,word-ranges-get-pages,getAllPanes
Word,WindowCloseOptions,,interface,word-close-document-window,closeWithSavePrompt
Word,WindowCollection,,class,word-ranges-get-pages,getAllWindows
